AaAa,AaAa,AaAa,AaN
0,Aa Aa. Aa,0/0/0,0N
0,Aa Aa. Aa,0/0/0,0N
0,Aa Aa. Aa,0/0/0,0N
0,Aa Aa. Aa,0/0/0,0N
0,Aa Aa Aa,0/0/0,0N
0,Aa Aa Aa,0/0/0,0N
0,Aa Aa Aa,0/0/0,0N
0,Aa Aa,0/0/0,0N
0,Aa Aa,0/0/0,0N
0,Aa Aa,0/0/0,0N
0,Aa Aa,0/0/0,0N
0,AaAa Aa Aa,0/0/0,0N
0,AaAa Aa Aa,0/0/0,0N
0,AaAa Aa Aa,0/0/0,0N
0,Aa Aa,0/0/0,0N
0,Aa Aa,0/0/0,0N
0,Aa Aa,0/0/0,0N
0,Aa Aa,0/0/0,0N
0,A Aa Aa,0/0/0,0N
0,A Aa Aa,0/0/0,0N
0,A Aa Aa,0/0/0,0N
0,Aa Aa,0/0/0,0N
0,Aa Aa,0/0/0,0N
0,Aa Aa,0/0/0,0N
0,Aa Aa Aa Aa,0/0/0,0N
0,Aa Aa Aa Aa,0/0/0,0N
0,Aa Aa Aa Aa,0/0/0,0N
0,Aa Aa Aa Aa,0/0/0,0N
0,Aa Aa,0/0/0,0N
0,Aa Aa,0/0/0,0N
0,Aa Aa,0/0/0,0N
0,Aa Aa Aa,0/0/0,0N
0,Aa Aa Aa,0/0/0,0N
0,Aa Aa Aa,0/0/0,0N
0,Aa Aa,0/0/0,0N
0,Aa Aa,0/0/0,0N
0,Aa Aa,0/0/0,0N
0,Aa Aa,0/0/0,0N
0,Aa Aa,0/0/0,0N
0,Aa Aa,0/0/0,0N
0,Aa Aa,0/0/0,0N
0,Aa Aa,0/0/0,0N
0,Aa Aa,0/0/0,0N
0,Aa Aa,0/0/0,0N
0,AaAa Aa,0/0/0,0N
0,AaAa Aa,0/0/0,0N
0,AaAa Aa,0/0/0,0N
0,Aa Aa,0/0/0,0N
0,Aa Aa,0/0/0,0N
0,Aa Aa,0/0/0,0N
0,Aa Aa Aa,0/0/0,0N
0,Aa Aa Aa,0/0/0,0N
0,Aa Aa Aa,0/0/0,0N
0,Aa Aa Aa Aa.,0/0/0,0N
0,Aa Aa Aa Aa.,0/0/0,0N
0,Aa Aa Aa Aa.,0/0/0,0N
0,Aa Aa Aa,0/0/0,0N
0,Aa Aa Aa,0/0/0,0N
0,Aa Aa Aa,0/0/0,0N
0,Aa Aa Aa,0/0/0,0N
0,Aa Aa,0/0/0,0N
0,Aa Aa,0/0/0,0N
0,Aa Aa,0/0/0,0N
0,Aa Aa,0/0/0,0N
0,Aa Aa,0/0/0,0N
0,Aa Aa,0/0/0,0N
0,Aa Aa,0/0/0,0N
0,Aa Aa,0/0/0,0N
0,Aa Aa,0/0/0,0N
0,Aa Aa,0/0/0,0N
0,Aa Aa,0/0/0,0N
0,Aa Aa,0/0/0,0N
0,Aa Aa,0/0/0,0N
0,Aa Aa & Aa,0/0/0,0N
0,Aa Aa & Aa,0/0/0,0N
0,Aa Aa & Aa,0/0/0,0N
0,Aa Aa Aa,0/0/0,0N
0,Aa Aa Aa,0/0/0,0N
0,Aa Aa Aa,0/0/0,0N
0,Aa Aa,0/0/0,0N
0,Aa Aa,0/0/0,0N
0,Aa Aa,0/0/0,0N
0,Aa Aa,0/0/0,0N
0,A Aa,0/0/0,0N
0,A Aa,0/0/0,0N
0,A Aa,0/0/0,0N
0,Aa Aa,0/0/0,0N
0,Aa Aa,0/0/0,0N
0,Aa Aa,0/0/0,0N
0,Aa Aa Aa,0/0/0,0N
0,Aa Aa Aa,0/0/0,0N
0,Aa Aa Aa,0/0/0,0N
0,Aa Aa Aa,0/0/0,0N
0,Aa Aa Aa,0/0/0,0N
0,Aa Aa Aa,0/0/0,0N
0,Aa Aa Aa,0/0/0,0N
0,Aa Aa Aa,0/0/0,0N
0,Aa Aa Aa,0/0/0,0N
0,Aa Aa Aa,0/0/0,0N
0,Aa Aa Aa,0/0/0,0N
0,Aa Aa Aa,0/0/0,0N
0,Aa Aa Aa,0/0/0,0N
0,Aa Aa Aa,0/0/0,0N
0,Aa Aa Aa,0/0/0,0N
0,Aa Aa Aa,0/0/0,0N
0,Aa AaAa,0/0/0,0N
0,Aa AaAa,0/0/0,0N
0,Aa AaAa,0/0/0,0N
0,Aa Aa Aa,0/0/0,0N
0,Aa Aa Aa,0/0/0,0N
0,Aa Aa Aa,0/0/0,0N
0,Aa-Aa Aa Aa,0/0/0,0N
0,Aa-Aa Aa Aa,0/0/0,0N
0,Aa-Aa Aa Aa,0/0/0,0N
0,Aa Aa,0/0/0,0N
0,Aa Aa,0/0/0,0N
0,Aa Aa,0/0/0,0N
0,Aa Aa Aa,0/0/0,0N
0,Aa Aa Aa,0/0/0,0N
0,Aa Aa Aa,0/0/0,0N
0,Aa Aa,0/0/0,0N
0,Aa Aa,0/0/0,0N
0,Aa Aa,0/0/0,0N
0,Aa Aa Aa,0/0/0,0N
0,Aa Aa Aa,0/0/0,0N
0,Aa Aa Aa,0/0/0,0N
0,Aa Aa Aa,0/0/0,0N
0,Aa.a,0/0/0,0N
0,Aa.a,0/0/0,0N
0,Aa.a,0/0/0,0N
0,Aa.a,0/0/0,0N
0,Aa,0/0/0,0N
0,Aa,0/0/0,0N
0,Aa,0/0/0,0N
0,Aa Aa Aa,0/0/0,0N
0,Aa Aa Aa,0/0/0,0N
0,Aa Aa Aa,0/0/0,0N
0,Aa Aa Aa,0/0/0,0N
0,Aa Aa,0/0/0,0N
0,Aa Aa,0/0/0,0N
0,Aa Aa,0/0/0,0N
0,Aa Aa Aa,0/0/0,0N
0,Aa Aa Aa,0/0/0,0N
0,Aa Aa Aa,0/0/0,0N
0,Aa Aa Aa,0/0/0,0N
0,Aa Aa,0/0/0,0N
0,Aa Aa,0/0/0,0N
0,Aa Aa,0/0/0,0N
0,Aa Aa,0/0/0,0N
0,Aa Aa Aa,0/0/0,0N
0,Aa Aa Aa,0/0/0,0N
0,Aa Aa Aa,0/0/0,0N
0,Aa Aa Aa,0/0/0,0N
0,Aa Aa Aa,0/0/0,0N
0,Aa Aa Aa,0/0/0,0N
0,A.A,0/0/0,0N
0,A.A,0/0/0,0N
0,A.A,0/0/0,0N
0,A.A,0/0/0,0N
0,Aa Aa & Aa,0/0/0,0N
0,Aa Aa & Aa,0/0/0,0N
0,Aa Aa & Aa,0/0/0,0N
0,Aa Aa Aa,0/0/0,0N
0,Aa Aa Aa,0/0/0,0N
0,Aa Aa Aa,0/0/0,0N
0,Aa Aa Aa,0/0/0,0N
0,Aa Aa Aa Aa,0/0/0,0N
0,Aa Aa Aa Aa,0/0/0,0N
0,Aa Aa Aa Aa,0/0/0,0N
0,Aa Aa Aa,0/0/0,0N
0,Aa Aa Aa,0/0/0,0N
0,Aa Aa Aa,0/0/0,0N
0,Aa Aa Aa,0/0/0,0N
0,Aa Aa,0/0/0,0N
0,Aa Aa,0/0/0,0N
0,Aa Aa,0/0/0,0N
0,Aa Aa,0/0/0,0N
0,Aa Aa,0/0/0,0N
0,Aa Aa-Aa,0/0/0,0N
0,Aa Aa-Aa,0/0/0,0N
0,Aa Aa-Aa,0/0/0,0N
0,Aa Aa,0/0/0,0N
0,Aa Aa,0/0/0,0N
0,Aa Aa,0/0/0,0N
0,Aa Aa,0/0/0,0N
0,Aa Aa Aa,0/0/0,0N
0,Aa Aa Aa,0/0/0,0N
0,Aa Aa Aa,0/0/0,0N
0,Aa Aa,0/0/0,0N
0,Aa Aa,0/0/0,0N
0,Aa Aa,0/0/0,0N
0,Aa Aa Aa,0/0/0,0N
0,Aa Aa Aa,0/0/0,0N
0,Aa Aa Aa,0/0/0,0N
0,Aa Aa,0/0/0,0N
0,Aa Aa,0/0/0,0N
0,Aa Aa,0/0/0,0N
0,Aa Aa,0/0/0,0N
0,Aa Aa,0/0/0,0N
0,Aa Aa,0/0/0,0N
0,Aa Aa,0/0/0,0N
0,Aa Aa,0/0/0,0N
0,Aa Aa,0/0/0,0N
0,Aa Aa,0/0/0,0N
0,Aa Aa Aa,0/0/0,0N
0,Aa Aa Aa,0/0/0,0N
0,Aa Aa Aa,0/0/0,0N
0,Aa Aa Aa,0/0/0,0N
0,Aa Aa Aa,0/0/0,0N
0,Aa Aa Aa,0/0/0,0N
0,Aa Aa Aa,0/0/0,0N
0,Aa Aa Aa,0/0/0,0N
0,Aa Aa,0/0/0,0N
0,Aa Aa,0/0/0,0N
0,Aa Aa,0/0/0,0N
0,Aa Aa Aa A,0/0/0,0N
0,Aa Aa Aa A,0/0/0,0N
0,Aa Aa Aa A,0/0/0,0N
0,Aa Aa Aa,0/0/0,0N
0,Aa Aa Aa,0/0/0,0N
0,Aa Aa Aa,0/0/0,0N
0,Aa Aa Aa,0/0/0,0N
0,Aa Aa Aa,0/0/0,0N
0,Aa Aa Aa,0/0/0,0N
0,Aa Aa Aa,0/0/0,0N
0,Aa Aa Aa,0/0/0,0N
0,Aa Aa Aa,0/0/0,0N
0,Aa Aa Aa,0/0/0,0N
0,Aa Aa Aa,0/0/0,0N
0,Aa Aa Aa,0/0/0,0N
0,AaA Aa Aa,0/0/0,0N
0,AaA Aa Aa,0/0/0,0N
0,AaA Aa Aa,0/0/0,0N
0,Aa Aa Aa Aa & Aa,0/0/0,0N
0,Aa Aa Aa Aa & Aa,0/0/0,0N
0,Aa Aa Aa Aa & Aa,0/0/0,0N
0,Aa Aa Aa Aa & Aa,0/0/0,0N
0,Aa Aa,0/0/0,0N
0,Aa Aa,0/0/0,0N
0,Aa Aa,0/0/0,0N
0,Aa & Aa,0/0/0,0N
0,Aa & Aa,0/0/0,0N
0,Aa & Aa,0/0/0,0N
0,Aa & Aa Aa Aa & Aa,0/0/0,0N
0,Aa & Aa Aa Aa & Aa,0/0/0,0N
0,Aa & Aa Aa Aa & Aa,0/0/0,0N
0,Aa Aa Aa Aa,0/0/0,0N
0,Aa Aa Aa Aa,0/0/0,0N
0,Aa Aa Aa Aa,0/0/0,0N
0,A-Aa,0/0/0,0N
0,A-Aa,0/0/0,0N
0,A-Aa,0/0/0,0N
0,A-Aa,0/0/0,0N
0,a-Aa,0/0/0,0N
0,a-Aa,0/0/0,0N
0,a-Aa,0/0/0,0N
0,Aa Aa,0/0/0,0N
0,Aa Aa,0/0/0,0N
0,Aa Aa,0/0/0,0N
0,Aa Aa,0/0/0,0N
0,A - Aa Aa Aa,0/0/0,0N
0,A - Aa Aa Aa,0/0/0,0N
0,A - Aa Aa Aa,0/0/0,0N
0,A - Aa Aa Aa,0/0/0,0N
0,A Aa & Aa,0/0/0,0N
0,A Aa & Aa,0/0/0,0N
0,A Aa & Aa,0/0/0,0N
0,A Aa & Aa,0/0/0,0N
0,aA Aa,0/0/0,0N
0,aA Aa,0/0/0,0N
0,aA Aa,0/0/0,0N
0,Aa Aa Aa,0/0/0,0N
0,Aa Aa Aa,0/0/0,0N
0,Aa Aa Aa,0/0/0,0N
0,Aa Aa Aa,0/0/0,0N
0,Aa A Aa,0/0/0,0N
0,Aa A Aa,0/0/0,0N
0,Aa A Aa,0/0/0,0N
0,Aa A Aa,0/0/0,0N
0,Aa Aa,0/0/0,0N
0,Aa Aa,0/0/0,0N
0,Aa Aa,0/0/0,0N
0,Aa Aa,0/0/0,0N
0,Aa Aa,0/0/0,0N
0,Aa Aa,0/0/0,0N
0,Aa Aa,0/0/0,0N
0,Aa Aa,0/0/0,0N
0,Aa Aa Aa,0/0/0,0N
0,Aa Aa Aa,0/0/0,0N
0,Aa Aa Aa,0/0/0,0N
0,Aa Aa Aa,0/0/0,0N
0,Aa Aa,0/0/0,0N
0,Aa Aa,0/0/0,0N
0,Aa Aa,0/0/0,0N
0,Aa Aa,0/0/0,0N
0,Aa Aa,0/0/0,0N
0,Aa Aa,0/0/0,0N
0,Aa Aa,0/0/0,0N
0,Aa Aa Aa,0/0/0,0N
0,Aa Aa Aa,0/0/0,0N
0,Aa Aa Aa,0/0/0,0N
0,Aa Aa & Aa,0/0/0,0N
0,Aa Aa & Aa,0/0/0,0N
0,Aa Aa & Aa,0/0/0,0N
0,Aa Aa Aa,0/0/0,0N
0,Aa Aa Aa,0/0/0,0N
0,Aa Aa Aa,0/0/0,0N
0,Aa Aa,0/0/0,0N
0,Aa Aa,0/0/0,0N
0,Aa Aa,0/0/0,0N
0,Aa Aa,0/0/0,0N
0,Aa Aa,0/0/0,0N
0,Aa Aa,0/0/0,0N
0,Aa Aa,0/0/0,0N
0,Aa Aa,0/0/0,0N
0,Aa Aa,0/0/0,0N
0,Aa Aa Aa,0/0/0,0N
0,Aa Aa Aa,0/0/0,0N
0,Aa Aa Aa,0/0/0,0N
0,Aa Aa Aa,0/0/0,0N
0,Aa Aa,0/0/0,0N
0,Aa Aa,0/0/0,0N
0,Aa Aa,0/0/0,0N
0,Aa Aa,0/0/0,0N
0,Aa Aa Aa Aa Aa,0/0/0,0N
0,Aa Aa Aa Aa Aa,0/0/0,0N
0,Aa Aa Aa Aa Aa,0/0/0,0N
0,Aa Aa Aa,0/0/0,0N
0,Aa Aa Aa,0/0/0,0N
0,Aa Aa Aa,0/0/0,0N
0,Aa Aa Aa,0/0/0,0N
0,Aa Aa Aa (A Aa a Aa Aa ),0/0/0,0N
0,Aa Aa Aa (A Aa a Aa Aa ),0/0/0,0N
0,Aa Aa Aa (A Aa a Aa Aa ),0/0/0,0N
0,Aa Aa,0/0/0,0N
0,Aa Aa,0/0/0,0N
0,Aa Aa,0/0/0,0N
0,Aa Aa Aa Aa,0/0/0,0N
0,Aa Aa Aa Aa,0/0/0,0N
0,Aa Aa Aa Aa,0/0/0,0N
0,Aa Aa Aa Aa,0/0/0,0N
0,Aa Aa,0/0/0,0N
0,Aa Aa,0/0/0,0N
0,Aa Aa,0/0/0,0N
0,Aa Aa,0/0/0,0N
0,Aa Aa,0/0/0,0N
0,Aa Aa,0/0/0,0N
0,Aa Aa,0/0/0,0N
0,Aa Aa,0/0/0,0N
0,Aa Aa Aa,0/0/0,0N
0,Aa Aa Aa,0/0/0,0N
0,Aa Aa Aa,0/0/0,0N
0,Aa Aa Aa,0/0/0,0N
0,Aa Aa,0/0/0,0N
0,Aa Aa,0/0/0,0N
0,Aa Aa,0/0/0,0N
0,Aa Aa,0/0/0,0N
0,A.A.Aa,0/0/0,0N
0,A.A.Aa,0/0/0,0N
0,A.A.Aa,0/0/0,0N
0,A.A.Aa,0/0/0,0N
0,A.A. Aa Aa,0/0/0,0N
0,A.A. Aa Aa,0/0/0,0N
0,A.A. Aa Aa,0/0/0,0N
0,Aa Aa & Aa,0/0/0,0N
0,Aa Aa & Aa,0/0/0,0N
0,Aa Aa & Aa,0/0/0,0N
0,A Aa Aa,0/0/0,0N
0,A Aa Aa,0/0/0,0N
0,A Aa Aa,0/0/0,0N
0,A Aa Aa,0/0/0,0N
0,Aa Aa (Aa),0/0/0,0N
0,Aa Aa (Aa),0/0/0,0N
0,Aa Aa (Aa),0/0/0,0N
0,Aa Aa (Aa),0/0/0,0N
0,Aa Aa,0/0/0,0N
0,Aa Aa,0/0/0,0N
0,Aa Aa,0/0/0,0N
0,Aa Aa & Aa Aa,0/0/0,0N
0,Aa Aa & Aa Aa,0/0/0,0N
0,Aa Aa & Aa Aa,0/0/0,0N
0,Aa Aa & Aa,0/0/0,0N
0,Aa Aa & Aa,0/0/0,0N
0,Aa Aa & Aa,0/0/0,0N
0,A Aa Aa,0/0/0,0N
0,A Aa Aa,0/0/0,0N
0,A Aa Aa,0/0/0,0N
0,Aa Aa Aa Aa,0/0/0,0N
0,Aa Aa Aa Aa,0/0/0,0N
0,Aa Aa Aa Aa,0/0/0,0N
0,Aa Aa Aa Aa,0/0/0,0N
0,Aa Aa,0/0/0,0N
0,Aa Aa,0/0/0,0N
0,Aa Aa,0/0/0,0N
0,Aa Aa Aa.,0/0/0,0N
0,Aa Aa Aa.,0/0/0,0N
0,Aa Aa Aa.,0/0/0,0N
0,Aa Aa & Aa,0/0/0,0N
0,Aa Aa & Aa,0/0/0,0N
0,Aa Aa & Aa,0/0/0,0N
0,Aa Aa & Aa,0/0/0,0N
0,Aa Aa,0/0/0,0N
0,Aa Aa,0/0/0,0N
0,Aa Aa,0/0/0,0N
0,Aa Aa,0/0/0,0N
0,Aa Aa,0/0/0,0N
0,Aa Aa,0/0/0,0N
0,Aa Aa Aa Aa,0/0/0,0N
0,Aa Aa Aa Aa,0/0/0,0N
0,Aa Aa Aa Aa,0/0/0,0N
0,Aa Aa Aa Aa,0/0/0,0N
0,A-A Aa Aa,0/0/0,0N
0,A-A Aa Aa,0/0/0,0N
0,A-A Aa Aa,0/0/0,0N
0,Aa A Aa,0/0/0,0N
0,Aa A Aa,0/0/0,0N
0,Aa A Aa,0/0/0,0N
0,Aa Aa Aa Aa,0/0/0,0N
0,Aa Aa Aa Aa,0/0/0,0N
0,Aa Aa Aa Aa,0/0/0,0N
0,Aa-Aa Aa,0/0/0,0N
0,Aa-Aa Aa,0/0/0,0N
0,Aa-Aa Aa,0/0/0,0N
0,Aa Aa,0/0/0,0N
0,Aa Aa,0/0/0,0N
0,Aa Aa,0/0/0,0N
0,Aa Aa,0/0/0,0N
0,Aa Aa,0/0/0,0N
0,Aa Aa,0/0/0,0N
0,A Aa Aa,0/0/0,0N
0,A Aa Aa,0/0/0,0N
0,A Aa Aa,0/0/0,0N
0,Aa Aa,0/0/0,0N
0,Aa Aa,0/0/0,0N
0,Aa Aa,0/0/0,0N
0,Aa Aa,0/0/0,0N
0,Aa Aa,0/0/0,0N
0,Aa Aa,0/0/0,0N
0,Aa Aa,0/0/0,0N
0,A.A. Aa,0/0/0,0N
0,A.A. Aa,0/0/0,0N
0,A.A. Aa,0/0/0,0N
0,A.A. Aa,0/0/0,0N
0,Aa Aa,0/0/0,0N
0,Aa Aa,0/0/0,0N
0,Aa Aa,0/0/0,0N
0,Aa Aa,0/0/0,0N
0,Aa Aa,0/0/0,0N
0,Aa Aa,0/0/0,0N
0,A Aa,0/0/0,0N
0,A Aa,0/0/0,0N
0,A Aa,0/0/0,0N
0,aAa Aa,0/0/0,0N
0,aAa Aa,0/0/0,0N
0,aAa Aa,0/0/0,0N
0,aAa Aa Aa,0/0/0,0N
0,aAa Aa Aa,0/0/0,0N
0,aAa Aa Aa,0/0/0,0N
0,aAa Aa Aa,0/0/0,0N
0,Aa Aa Aa,0/0/0,0N
0,Aa Aa Aa,0/0/0,0N
0,Aa Aa Aa,0/0/0,0N
0,Aa Aa Aa,0/0/0,0N
0,Aa Aa Aa,0/0/0,0N
0,Aa Aa Aa,0/0/0,0N
0,Aa Aa Aa,0/0/0,0N
0,Aa Aa Aa,0/0/0,0N
0,Aa Aa Aa & Aa,0/0/0,0N
0,Aa Aa Aa & Aa,0/0/0,0N
0,Aa Aa Aa & Aa,0/0/0,0N
0,Aa Aa Aa & Aa,0/0/0,0N
0,Aa Aa,0/0/0,0N
0,Aa Aa,0/0/0,0N
0,Aa Aa,0/0/0,0N
0,Aa Aa Aa,0/0/0,0N
0,Aa Aa Aa,0/0/0,0N
0,Aa Aa Aa,0/0/0,0N
0,Aa Aa,0/0/0,0N
0,Aa Aa,0/0/0,0N
0,Aa Aa,0/0/0,0N
0,AaAa AaAa,0/0/0,0N
0,AaAa AaAa,0/0/0,0N
0,AaAa AaAa,0/0/0,0N
0,AaAa AaAa,0/0/0,0N
0,Aa.a,0/0/0,0N
0,Aa.a,0/0/0,0N
0,Aa.a,0/0/0,0N
0,Aa Aa (Aa),0/0/0,0N
0,Aa Aa (Aa),0/0/0,0N
0,Aa Aa (Aa),0/0/0,0N
0,Aa Aa Aa Aa Aa,0/0/0,0N
0,Aa Aa Aa Aa Aa,0/0/0,0N
0,Aa Aa Aa Aa Aa,0/0/0,0N
0,aA A&A,0/0/0,0N
0,aA A&A,0/0/0,0N
0,Aa A&A,0/0/0,0N
0,Aa A&A,0/0/0,0N
0,aA A&A,0/0/0,0N
0,aA A&A,0/0/0,0N
0,A.A. Aa,0/0/0,0N
0,A.A. Aa,0/0/0,0N
0,A.A. Aa,0/0/0,0N
0,A.A.Aa,0/0/0,0N
0,A.A.Aa,0/0/0,0N
0,A.A.Aa,0/0/0,0N
0,A.A.Aa & Aa,0/0/0,0N
0,A.A.Aa & Aa,0/0/0,0N
0,A.A.Aa & Aa,0/0/0,0N
0,Aa Aa & Aa.,0/0/0,0N
0,Aa Aa & Aa.,0/0/0,0N
0,Aa Aa & Aa.,0/0/0,0N
0,Aa Aa Aa Aa,0/0/0,0N
0,Aa Aa Aa Aa,0/0/0,0N
0,Aa Aa Aa Aa,0/0/0,0N
0,Aa Aa Aa,0/0/0,0N
0,Aa Aa Aa,0/0/0,0N
0,Aa Aa Aa,0/0/0,0N
0,Aa Aa Aa,0/0/0,0N
0,Aa Aa Aa,0/0/0,0N
0,Aa Aa Aa,0/0/0,0N
0,Aa Aa Aa,0/0/0,0N
0,Aa Aa & Aa,0/0/0,0N
0,Aa Aa & Aa,0/0/0,0N
0,Aa Aa & Aa,0/0/0,0N
0,Aa Aa & Aa,0/0/0,0N
0,Aa Aa Aa,0/0/0,0N
0,Aa Aa Aa,0/0/0,0N
0,Aa Aa Aa,0/0/0,0N
0,A-Aa Aa,0/0/0,0N
0,A-Aa Aa,0/0/0,0N
0,A-Aa Aa,0/0/0,0N
0,A.Aa & Aa.,0/0/0,0N
0,A.Aa & Aa.,0/0/0,0N
0,A.Aa & Aa.,0/0/0,0N
0,A.Aa & Aa.,0/0/0,0N
0,A.A. Aa,0/0/0,0N
0,A.A. Aa,0/0/0,0N
0,A.A. Aa,0/0/0,0N
0,A0 Aa,0/0/0,0N
0,A0 Aa,0/0/0,0N
0,A0 Aa,0/0/0,0N
0,A0 Aa,0/0/0,0N
0,Aa Aa,0/0/0,0N
0,Aa Aa,0/0/0,0N
0,Aa Aa,0/0/0,0N
0,Aa Aa,0/0/0,0N
0,Aa Aa,0/0/0,0N
0,Aa Aa,0/0/0,0N
0,Aa Aa,0/0/0,0N
0,Aa Aa,0/0/0,0N
0,Aa Aa,0/0/0,0N
0,Aa Aa,0/0/0,0N
0,A-Aa Aa Aa,0/0/0,0N
0,A-Aa Aa Aa,0/0/0,0N
0,A-Aa Aa Aa,0/0/0,0N
0,Aa Aa Aa,0/0/0,0N
0,Aa Aa Aa,0/0/0,0N
0,Aa Aa Aa,0/0/0,0N
0,Aa A Aa,0/0/0,0N
0,Aa A Aa,0/0/0,0N
0,Aa A Aa,0/0/0,0N
0,Aa Aa,0/0/0,0N
0,Aa Aa,0/0/0,0N
0,Aa Aa,0/0/0,0N
0,Aa Aa Aa,0/0/0,0N
0,Aa Aa Aa,0/0/0,0N
0,Aa Aa Aa,0/0/0,0N
0,Aa Aa,0/0/0,0N
0,Aa Aa,0/0/0,0N
0,Aa Aa,0/0/0,0N
0,A.A.A. Aa Aa,0/0/0,0N
0,A.A.A. Aa Aa,0/0/0,0N
0,A.A.A. Aa Aa,0/0/0,0N
0,A.A.Aa Aa,0/0/0,0N
0,A.A.Aa Aa,0/0/0,0N
0,A.A.Aa Aa,0/0/0,0N
0,Aa Aa,0/0/0,0N
0,Aa Aa,0/0/0,0N
0,Aa Aa,0/0/0,0N
0,Aa Aa Aa,0/0/0,0N
0,Aa Aa Aa,0/0/0,0N
0,Aa Aa Aa,0/0/0,0N
0,Aa Aa,0/0/0,0N
0,Aa Aa,0/0/0,0N
0,Aa Aa,0/0/0,0N
0,Aa Aa,0/0/0,0N
0,Aa Aa,0/0/0,0N
0,Aa Aa,0/0/0,0N
0,Aa Aa,0/0/0,0N
0,Aa Aa,0/0/0,0N
0,Aa Aa,0/0/0,0N
0,Aa Aa,0/0/0,0N
0,Aa Aa,0/0/0,0N
0,Aa Aa,0/0/0,0N
0,Aa Aa,0/0/0,0N
0,Aa Aa,0/0/0,0N
0,Aa Aa Aa,0/0/0,0N
0,Aa Aa Aa,0/0/0,0N
0,Aa Aa Aa,0/0/0,0N
0,Aa Aa,0/0/0,0N
0,Aa Aa,0/0/0,0N
0,Aa Aa,0/0/0,0N
0,Aa Aa Aa.,0/0/0,0N
0,Aa Aa Aa.,0/0/0,0N
0,Aa Aa Aa.,0/0/0,0N
0,Aa Aa Aa,0/0/0,0N
0,Aa Aa Aa,0/0/0,0N
0,Aa Aa Aa,0/0/0,0N
0,Aa Aa Aa,0/0/0,0N
0,Aa Aa Aa,0/0/0,0N
0,Aa Aa Aa,0/0/0,0N
0,Aa Aa Aa,0/0/0,0N
0,Aa Aa,0/0/0,0N
0,Aa Aa,0/0/0,0N
0,Aa Aa,0/0/0,0N
0,Aa Aa,0/0/0,0N
0,Aa Aa,0/0/0,0N
0,Aa Aa,0/0/0,0N
0,Aa Aa,0/0/0,0N
0,Aa Aa,0/0/0,0N
0,Aa Aa,0/0/0,0N
0,Aa Aa,0/0/0,0N
0,Aa Aa,0/0/0,0N
0,Aa Aa,0/0/0,0N
0,Aa Aa,0/0/0,0N
0,Aa Aa,0/0/0,0N
0,Aa Aa Aa,0/0/0,0N
0,Aa Aa Aa,0/0/0,0N
0,Aa Aa Aa,0/0/0,0N
0,Aa Aa,0/0/0,0N
0,Aa Aa,0/0/0,0N
0,Aa Aa,0/0/0,0N
0,A Aa,0/0/0,0N
0,A Aa,0/0/0,0N
0,A Aa,0/0/0,0N
0,Aa Aa,0/0/0,0N
0,Aa Aa,0/0/0,0N
0,Aa Aa,0/0/0,0N
0,A Aa Aa,0/0/0,0N
0,A Aa Aa,0/0/0,0N
0,A Aa Aa,0/0/0,0N
0,Aa Aa Aa,0/0/0,0N
0,Aa Aa Aa,0/0/0,0N
0,Aa Aa Aa,0/0/0,0N
0,A.A.Aa Aa Aa Aa,0/0/0,0N
0,A.A.Aa Aa Aa Aa,0/0/0,0N
0,A.A.Aa Aa Aa Aa,0/0/0,0N
0,Aa Aa,0/0/0,0N
0,Aa Aa,0/0/0,0N
0,Aa Aa,0/0/0,0N
0,Aa Aa Aa,0/0/0,0N
0,Aa Aa Aa,0/0/0,0N
0,Aa Aa Aa,0/0/0,0N
0,Aa Aa Aa Aa,0/0/0,0N
0,Aa Aa Aa Aa,0/0/0,0N
0,Aa Aa Aa Aa,0/0/0,0N
0,Aa Aa Aa Aa,0/0/0,0N
0,AaAa Aa Aa,0/0/0,0N
0,AaAa Aa Aa,0/0/0,0N
0,AaAa Aa Aa,0/0/0,0N
0,Aa Aa,0/0/0,0N
0,Aa Aa,0/0/0,0N
0,Aa Aa,0/0/0,0N
0,AaAa,0/0/0,0N
0,AaAa,0/0/0,0N
0,AaAa,0/0/0,0N
0,Aa Aa Aa Aa Aa,0/0/0,0N
0,Aa Aa Aa Aa Aa,0/0/0,0N
0,Aa Aa Aa Aa Aa,0/0/0,0N
0,Aa Aa Aa,0/0/0,0N
0,Aa Aa Aa,0/0/0,0N
0,Aa Aa Aa,0/0/0,0N
0,Aa Aa,0/0/0,0N
0,Aa Aa,0/0/0,0N
0,Aa Aa,0/0/0,0N
0,Aa,0/0/0,0N
0,Aa,0/0/0,0N
0,Aa,0/0/0,0N
0,Aa Aa,0/0/0,0N
0,Aa Aa,0/0/0,0N
0,Aa Aa,0/0/0,0N
0,AaAa Aa Aa Aa Aa Aa,0/0/0,0N
0,AaAa Aa Aa Aa Aa Aa,0/0/0,0N
0,AaAa Aa Aa Aa Aa Aa,0/0/0,0N
0,AaAa Aa Aa Aa Aa Aa,0/0/0,0N
0,Aa Aa Aa,0/0/0,0N
0,Aa Aa Aa,0/0/0,0N
0,Aa Aa Aa,0/0/0,0N
0,Aa Aa Aa,0/0/0,0N
0,Aa Aa Aa,0/0/0,0N
0,Aa Aa Aa,0/0/0,0N
0,Aa Aa Aa,0/0/0,0N
0,Aa Aa Aa,0/0/0,0N
0,Aa Aa Aa,0/0/0,0N
0,Aa Aa Aa,0/0/0,0N
0,Aa Aa (Aa),0/0/0,0N
0,Aa Aa (Aa),0/0/0,0N
0,Aa Aa (Aa),0/0/0,0N
0,Aa Aa,0/0/0,0N
0,Aa Aa,0/0/0,0N
0,Aa Aa,0/0/0,0N
0,Aa Aa Aa,0/0/0,0N
0,Aa Aa Aa,0/0/0,0N
0,Aa Aa Aa,0/0/0,0N
0,Aa Aa Aa,0/0/0,0N
0,Aa Aa Aa,0/0/0,0N
0,Aa Aa Aa,0/0/0,0N
0,Aa Aa Aa,0/0/0,0N
0,Aa Aa Aa,0/0/0,0N
0,Aa Aa Aa,0/0/0,0N
0,Aa Aa Aa,0/0/0,0N
0,Aa Aa Aa Aa Aa,0/0/0,0N
0,Aa Aa Aa Aa Aa,0/0/0,0N
0,Aa Aa Aa Aa Aa,0/0/0,0N
0,Aa Aa Aa Aa Aa,0/0/0,0N
0,Aa Aa,0/0/0,0N
0,Aa Aa,0/0/0,0N
0,Aa Aa,0/0/0,0N
0,Aa Aa,0/0/0,0N
0,Aa Aa,0/0/0,0N
0,Aa Aa,0/0/0,0N
0,Aa Aa,0/0/0,0N
0,Aa Aa Aa,0/0/0,0N
0,Aa Aa Aa,0/0/0,0N
0,Aa Aa Aa,0/0/0,0N
0,Aa Aa Aa Aa Aa Aa,0/0/0,0N
0,Aa Aa Aa Aa Aa Aa,0/0/0,0N
0,Aa Aa Aa Aa Aa Aa,0/0/0,0N
0,Aa Aa Aa Aa (A a. a Aa Aa Aa ),0/0/0,0N
0,Aa Aa Aa Aa (A a. a Aa Aa Aa ),0/0/0,0N
0,Aa Aa Aa Aa (A a. a Aa Aa Aa ),0/0/0,0N
0,Aa Aa Aa.,0/0/0,0N
0,Aa Aa Aa.,0/0/0,0N
0,Aa Aa Aa.,0/0/0,0N
0,Aa Aa & Aa,0/0/0,0N
0,Aa Aa & Aa,0/0/0,0N
0,Aa Aa & Aa,0/0/0,0N
0,Aa Aa & Aa,0/0/0,0N
0,Aa Aa,0/0/0,0N
0,Aa Aa,0/0/0,0N
0,Aa Aa,0/0/0,0N
0,Aa Aa,0/0/0,0N
0,Aa Aa,0/0/0,0N
0,Aa Aa,0/0/0,0N
0,Aa Aa,0/0/0,0N
0,Aa Aa,0/0/0,0N
0,Aa Aa,0/0/0,0N
0,Aa Aa,0/0/0,0N
0,Aa Aa,0/0/0,0N
0,Aa Aa,0/0/0,0N
0,Aa A Aa Aa,0/0/0,0N
0,Aa A Aa Aa,0/0/0,0N
0,Aa A Aa Aa,0/0/0,0N
0,Aa Aa,0/0/0,0N
0,Aa Aa,0/0/0,0N
0,Aa Aa,0/0/0,0N
0,Aa Aa & Aa Aa,0/0/0,0N
0,Aa Aa & Aa Aa,0/0/0,0N
0,Aa Aa & Aa Aa,0/0/0,0N
0,Aa Aa & Aa Aa,0/0/0,0N
0,Aa Aa & Aa Aa,0/0/0,0N
0,Aa Aa & Aa Aa,0/0/0,0N
0,Aa Aa & Aa Aa,0/0/0,0N
0,Aa Aa & Aa Aa,0/0/0,0N
0,Aa Aa,0/0/0,0N
0,Aa Aa,0/0/0,0N
0,Aa Aa,0/0/0,0N
0,Aa Aa,0/0/0,0N
0,Aa Aa,0/0/0,0N
0,Aa Aa,0/0/0,0N
0,Aa Aa,0/0/0,0N
0,Aa Aa,0/0/0,0N
0,Aa Aa,0/0/0,0N
0,Aa Aa,0/0/0,0N
0,Aa Aa,0/0/0,0N
0,AaAa Aa,0/0/0,0N
0,AaAa Aa,0/0/0,0N
0,AaAa Aa,0/0/0,0N
0,Aa Aa Aa,0/0/0,0N
0,Aa Aa Aa,0/0/0,0N
0,Aa Aa Aa,0/0/0,0N
0,Aa Aa,0/0/0,0N
0,Aa Aa,0/0/0,0N
0,Aa Aa,0/0/0,0N
0,AaAa Aa,0/0/0,0N
0,AaAa Aa,0/0/0,0N
0,AaAa Aa,0/0/0,0N
0,Aa Aa,0/0/0,0N
0,Aa Aa,0/0/0,0N
0,Aa Aa,0/0/0,0N
0,Aa Aa,0/0/0,0N
0,Aa Aa,0/0/0,0N
0,Aa,0/0/0,0N
0,Aa,0/0/0,0N
0,Aa,0/0/0,0N
0,Aa Aa Aa,0/0/0,0N
0,Aa Aa Aa,0/0/0,0N
0,Aa Aa Aa,0/0/0,0N
0,Aa Aa,0/0/0,0N
0,Aa Aa,0/0/0,0N
0,Aa Aa,0/0/0,0N
0,Aa Aa Aa Aa,0/0/0,0N
0,Aa Aa Aa Aa,0/0/0,0N
0,Aa Aa Aa Aa,0/0/0,0N
0,Aa Aa Aa Aa,0/0/0,0N
0,Aa Aa,0/0/0,0N
0,Aa Aa,0/0/0,0N
0,Aa Aa,0/0/0,0N
0,Aa Aa Aa,0/0/0,0N
0,Aa Aa Aa,0/0/0,0N
0,Aa Aa Aa,0/0/0,0N
0,Aa Aa,0/0/0,0N
0,Aa Aa,0/0/0,0N
0,Aa Aa,0/0/0,0N
0,Aa Aa Aa,0/0/0,0N
0,Aa Aa Aa,0/0/0,0N
0,Aa Aa Aa,0/0/0,0N
0,A Aa,0/0/0,0N
0,A Aa,0/0/0,0N
0,A Aa,0/0/0,0N
0,A Aa,0/0/0,0N
0,A Aa Aa Aa,0/0/0,0N
0,A Aa Aa Aa,0/0/0,0N
0,A Aa Aa Aa,0/0/0,0N
0,A Aa Aa Aa,0/0/0,0N
0,Aa Aa & Aa,0/0/0,0N
0,Aa Aa & Aa,0/0/0,0N
0,Aa Aa & Aa,0/0/0,0N
0,Aa Aa & Aa,0/0/0,0N
0,Aa Aa Aa,0/0/0,0N
0,Aa Aa Aa,0/0/0,0N
0,Aa Aa Aa,0/0/0,0N
0,A.A.A Aa Aa,0/0/0,0N
0,A.A.A Aa Aa,0/0/0,0N
0,A.A.A Aa Aa,0/0/0,0N
0,A.A.A Aa Aa,0/0/0,0N
0,Aa Aa,0/0/0,0N
0,Aa Aa,0/0/0,0N
0,Aa Aa,0/0/0,0N
0,Aa Aa Aa,0/0/0,0N
0,Aa Aa Aa,0/0/0,0N
0,Aa Aa Aa,0/0/0,0N
0,Aa Aa Aa,0/0/0,0N
0,Aa Aa-Aa Aa,0/0/0,0N
0,Aa Aa-Aa Aa,0/0/0,0N
0,Aa Aa-Aa Aa,0/0/0,0N
0,Aa Aa Aa,0/0/0,0N
0,Aa Aa Aa,0/0/0,0N
0,Aa Aa Aa,0/0/0,0N
0,Aa Aa,0/0/0,0N
0,Aa Aa,0/0/0,0N
0,Aa Aa,0/0/0,0N
0,Aa Aa Aa,0/0/0,0N
0,Aa Aa Aa,0/0/0,0N
0,Aa Aa Aa,0/0/0,0N
0,Aa Aa Aa Aa,0/0/0,0N
0,Aa Aa Aa Aa,0/0/0,0N
0,Aa Aa Aa Aa,0/0/0,0N
0,Aa Aa,0/0/0,0N
0,Aa Aa,0/0/0,0N
0,Aa Aa,0/0/0,0N
0,Aa Aa,0/0/0,0N
0,Aa Aa Aa,0/0/0,0N
0,Aa Aa Aa,0/0/0,0N
0,Aa Aa Aa,0/0/0,0N
0,A Aa,0/0/0,0N
0,A Aa,0/0/0,0N
0,A Aa,0/0/0,0N
0,A Aa,0/0/0,0N
0,Aa a-Aa Aa,0/0/0,0N
0,Aa a-Aa Aa,0/0/0,0N
0,Aa a-Aa Aa,0/0/0,0N
0,Aa Aa,0/0/0,0N
0,Aa Aa,0/0/0,0N
0,Aa Aa,0/0/0,0N
0,Aa aAa,0/0/0,0N
0,Aa aAa,0/0/0,0N
0,Aa aAa,0/0/0,0N
0,Aa aAa,0/0/0,0N
0,Aa Aa,0/0/0,0N
0,Aa Aa,0/0/0,0N
0,Aa Aa,0/0/0,0N
0,Aa Aa,0/0/0,0N
0,Aa Aa Aa,0/0/0,0N
0,Aa Aa Aa,0/0/0,0N
0,Aa Aa Aa,0/0/0,0N
0,Aa Aa Aa,0/0/0,0N
0,Aa Aa Aa,0/0/0,0N
0,Aa Aa Aa,0/0/0,0N
0,Aa Aa Aa,0/0/0,0N
0,Aa Aa Aa,0/0/0,0N
0,Aa Aa Aa,0/0/0,0N
0,Aa Aa Aa,0/0/0,0N
0,Aa Aa Aa,0/0/0,0N
0,Aa Aa Aa,0/0/0,0N
0,Aa Aa Aa,0/0/0,0N
0,Aa Aa Aa,0/0/0,0N
0,A Aa Aa,0/0/0,0N
0,A Aa Aa,0/0/0,0N
0,A Aa Aa,0/0/0,0N
0,Aa Aa,0/0/0,0N
0,Aa Aa,0/0/0,0N
0,Aa Aa,0/0/0,0N
0,Aa & Aa,0/0/0,0N
0,Aa & Aa,0/0/0,0N
0,Aa & Aa,0/0/0,0N
0,Aa Aa,0/0/0,0N
0,Aa Aa,0/0/0,0N
0,Aa Aa,0/0/0,0N
0,Aa Aa,0/0/0,0N
0,Aa Aa,0/0/0,0N
0,Aa Aa,0/0/0,0N
0,AaA Aa,0/0/0,0N
0,AaA Aa,0/0/0,0N
0,AaA Aa,0/0/0,0N
0,Aa Aa Aa Aa,0/0/0,0N
0,Aa Aa Aa Aa,0/0/0,0N
0,Aa Aa Aa Aa,0/0/0,0N
0,A Aa Aa,0/0/0,0N
0,A Aa Aa,0/0/0,0N
0,A Aa Aa,0/0/0,0N
0,A Aa Aa,0/0/0,0N
0,A Aa,0/0/0,0N
0,A Aa,0/0/0,0N
0,A Aa,0/0/0,0N
0,Aa Aa Aa Aa,0/0/0,0N
0,Aa Aa Aa Aa,0/0/0,0N
0,Aa Aa Aa Aa,0/0/0,0N
0,Aa Aa Aa & Aa,0/0/0,0N
0,Aa Aa Aa & Aa,0/0/0,0N
0,Aa Aa Aa & Aa,0/0/0,0N
0,Aa Aa Aa & Aa,0/0/0,0N
0,Aa Aa Aa Aa Aa,0/0/0,0N
0,Aa Aa Aa Aa Aa,0/0/0,0N
0,Aa Aa Aa Aa Aa,0/0/0,0N
0,Aa Aa Aa,0/0/0,0N
0,Aa Aa Aa,0/0/0,0N
0,Aa Aa Aa,0/0/0,0N
0,Aa Aa Aa,0/0/0,0N
0,Aa Aa Aa,0/0/0,0N
0,Aa Aa Aa,0/0/0,0N
0,Aa Aa Aa Aa Aa Aa,0/0/0,0N
0,Aa Aa Aa Aa Aa Aa,0/0/0,0N
0,Aa Aa Aa Aa Aa Aa,0/0/0,0N
0,Aa Aa Aa Aa Aa Aa,0/0/0,0N
0,Aa Aa Aa,0/0/0,0N
0,Aa Aa Aa,0/0/0,0N
0,Aa Aa Aa,0/0/0,0N
0,Aa Aa Aa,0/0/0,0N
0,Aa Aa Aa,0/0/0,0N
0,Aa Aa Aa,0/0/0,0N
0,Aa Aa Aa,0/0/0,0N
0,Aa Aa Aa,0/0/0,0N
0,Aa Aa Aa,0/0/0,0N
0,Aa Aa Aa,0/0/0,0N
0,Aa Aa Aa Aa,0/0/0,0N
0,Aa Aa Aa Aa,0/0/0,0N
0,Aa Aa Aa Aa,0/0/0,0N
0,Aa Aa Aa Aa,0/0/0,0N
0,Aa Aa Aa Aa,0/0/0,0N
0,Aa Aa Aa Aa,0/0/0,0N
0,Aa Aa Aa,0/0/0,0N
0,Aa Aa Aa,0/0/0,0N
0,Aa Aa Aa,0/0/0,0N
0,Aa Aa,0/0/0,0N
0,Aa Aa,0/0/0,0N
0,Aa Aa,0/0/0,0N
0,Aa Aa & Aa,0/0/0,0N
0,Aa Aa & Aa,0/0/0,0N
0,Aa Aa & Aa,0/0/0,0N
0,Aa A Aa Aa,0/0/0,0N
0,Aa A Aa Aa,0/0/0,0N
0,Aa A Aa Aa,0/0/0,0N
0,Aa Aa,0/0/0,0N
0,Aa Aa,0/0/0,0N
0,Aa Aa,0/0/0,0N
0,Aa Aa Aa,0/0/0,0N
0,Aa Aa Aa,0/0/0,0N
0,Aa Aa Aa,0/0/0,0N
0,Aa Aa Aa,0/0/0,0N
0,Aa Aa Aa,0/0/0,0N
0,Aa Aa Aa,0/0/0,0N
0,Aa & Aa Aa,0/0/0,0N
0,Aa & Aa Aa,0/0/0,0N
0,Aa & Aa Aa,0/0/0,0N
0,Aa Aa & Aa,0/0/0,0N
0,Aa Aa & Aa,0/0/0,0N
0,Aa Aa & Aa,0/0/0,0N
0,Aa Aa & Aa,0/0/0,0N
0,Aa Aa Aa,0/0/0,0N
0,Aa Aa Aa,0/0/0,0N
0,Aa Aa Aa,0/0/0,0N
0,Aa Aa,0/0/0,0N
0,Aa Aa,0/0/0,0N
0,Aa Aa,0/0/0,0N
0,Aa Aa Aa (A),0/0/0,0N
0,Aa Aa Aa (A),0/0/0,0N
0,Aa Aa Aa (A),0/0/0,0N
0,Aa Aa,0/0/0,0N
0,Aa Aa,0/0/0,0N
0,Aa Aa,0/0/0,0N
0,Aa Aa,0/0/0,0N
0,Aa Aa,0/0/0,0N
0,Aa Aa,0/0/0,0N
0,Aa Aa,0/0/0,0N
0,Aa Aa,0/0/0,0N
0,Aa Aa,0/0/0,0N
0,Aa Aa,0/0/0,0N
0,Aa Aa,0/0/0,0N
0,Aa 0A,0/0/0,0N
0,Aa 0A,0/0/0,0N
0,Aa 0A,0/0/0,0N
0,Aa Aa Aa,0/0/0,0N
0,Aa Aa Aa,0/0/0,0N
0,Aa Aa Aa,0/0/0,0N
0,Aa Aa,0/0/0,0N
0,Aa Aa,0/0/0,0N
0,Aa Aa,0/0/0,0N
0,Aa Aa,0/0/0,0N
0,Aa Aa,0/0/0,0N
0,Aa Aa,0/0/0,0N
0,Aa Aa,0/0/0,0N
0,Aa Aa,0/0/0,0N
0,Aa Aa,0/0/0,0N
0,Aa Aa,0/0/0,0N
0,Aa Aa Aa & Aa Aa,0/0/0,0N
0,Aa Aa Aa & Aa Aa,0/0/0,0N
0,Aa Aa Aa & Aa Aa,0/0/0,0N
0,Aa Aa Aa,0/0/0,0N
0,Aa Aa Aa,0/0/0,0N
0,Aa Aa Aa,0/0/0,0N
0,Aa Aa Aa,0/0/0,0N
0,Aa Aa Aa,0/0/0,0N
0,Aa Aa Aa,0/0/0,0N
0,Aa Aa Aa,0/0/0,0N
0,Aa,0/0/0,0N
0,Aa,0/0/0,0N
0,Aa,0/0/0,0N
0,Aa,0/0/0,0N
0,Aa,0/0/0,0N
0,Aa,0/0/0,0N
0,Aa Aa a Aa,0/0/0,0N
0,Aa Aa a Aa,0/0/0,0N
0,Aa Aa a Aa,0/0/0,0N
0,Aa Aa Aa Aa,0/0/0,0N
0,Aa Aa Aa Aa,0/0/0,0N
0,Aa Aa Aa Aa,0/0/0,0N
0,Aa Aa Aa Aa,0/0/0,0N
0,Aa Aa,0/0/0,0N
0,Aa Aa,0/0/0,0N
0,Aa Aa,0/0/0,0N
0,A Aa Aa,0/0/0,0N
0,A Aa Aa,0/0/0,0N
0,A Aa Aa,0/0/0,0N
0,A Aa Aa,0/0/0,0N
0,Aa Aa Aa,0/0/0,0N
0,Aa Aa Aa,0/0/0,0N
0,Aa Aa Aa,0/0/0,0N
0,A Aa Aa.,0/0/0,0N
0,A Aa Aa.,0/0/0,0N
0,A Aa Aa.,0/0/0,0N
0,A Aa Aa.,0/0/0,0N
0,Aa Aa,0/0/0,0N
0,Aa Aa,0/0/0,0N
0,Aa Aa,0/0/0,0N
0,Aa Aa,0/0/0,0N
0,Aa Aa,0/0/0,0N
0,Aa Aa,0/0/0,0N
0,Aa Aa,0/0/0,0N
0,Aa Aa,0/0/0,0N
0,Aa Aa,0/0/0,0N
0,Aa Aa,0/0/0,0N
0,Aa Aa Aa,0/0/0,0N
0,Aa Aa Aa,0/0/0,0N
0,Aa Aa Aa,0/0/0,0N
0,Aa Aa Aa,0/0/0,0N
0,Aa Aa Aa,0/0/0,0N
0,Aa Aa Aa,0/0/0,0N
0,Aa Aa Aa,0/0/0,0N
0,Aa Aa,0/0/0,0N
0,Aa Aa,0/0/0,0N
0,Aa Aa,0/0/0,0N
0,Aa Aa,0/0/0,0N
0,Aa Aa & Aa,0/0/0,0N
0,Aa Aa & Aa,0/0/0,0N
0,Aa Aa & Aa,0/0/0,0N
0,A Aa Aa,0/0/0,0N
0,A Aa Aa,0/0/0,0N
0,A Aa Aa,0/0/0,0N
0,Aa Aa,0/0/0,0N
0,Aa Aa,0/0/0,0N
0,Aa Aa,0/0/0,0N
0,A.A.A. Aa Aa,0/0/0,0N
0,A.A.A. Aa Aa,0/0/0,0N
0,A.A.A. Aa Aa,0/0/0,0N
0,Aa Aa Aa,0/0/0,0N
0,Aa Aa Aa,0/0/0,0N
0,Aa Aa Aa,0/0/0,0N
0,Aa Aa Aa,0/0/0,0N
0,Aa Aa,0/0/0,0N
0,Aa Aa,0/0/0,0N
0,Aa Aa,0/0/0,0N
0,Aa Aa,0/0/0,0N
0,Aa Aa,0/0/0,0N
0,Aa Aa,0/0/0,0N
0,Aa Aa,0/0/0,0N
0,Aa Aa,0/0/0,0N
0,Aa Aa,0/0/0,0N
0,Aa Aa,0/0/0,0N
0,Aa Aa Aa Aa,0/0/0,0N
0,Aa Aa Aa Aa,0/0/0,0N
0,Aa Aa Aa Aa,0/0/0,0N
0,Aa Aa Aa Aa,0/0/0,0N
0,Aa Aa,0/0/0,0N
0,Aa Aa,0/0/0,0N
0,Aa Aa,0/0/0,0N
0,Aa Aa,0/0/0,0N
0,Aa Aa Aa,0/0/0,0N
0,Aa Aa Aa,0/0/0,0N
0,Aa Aa Aa,0/0/0,0N
0,Aa Aa Aa,0/0/0,0N
0,Aa Aa Aa,0/0/0,0N
0,Aa,0/0/0,0N
0,Aa,0/0/0,0N
0,Aa,0/0/0,0N
0,Aa Aa,0/0/0,0N
0,Aa Aa,0/0/0,0N
0,Aa Aa,0/0/0,0N
0,Aa Aa,0/0/0,0N
0,Aa Aa,0/0/0,0N
0,Aa Aa,0/0/0,0N
0,Aa Aa,0/0/0,0N
0,Aa Aa,0/0/0,0N
0,A Aa Aa,0/0/0,0N
0,A Aa Aa,0/0/0,0N
0,A Aa Aa,0/0/0,0N
0,A Aa Aa,0/0/0,0N
0,A Aa Aa,0/0/0,0N
0,A Aa Aa,0/0/0,0N
0,A Aa Aa,0/0/0,0N
0,Aa-a Aa,0/0/0,0N
0,Aa-a Aa,0/0/0,0N
0,Aa-a Aa,0/0/0,0N
0,Aa Aa a Aa,0/0/0,0N
0,Aa Aa a Aa,0/0/0,0N
0,Aa Aa a Aa,0/0/0,0N
0,Aa Aa a Aa,0/0/0,0N
0,Aa Aa Aa,0/0/0,0N
0,Aa Aa Aa,0/0/0,0N
0,Aa Aa Aa,0/0/0,0N
0,Aa Aa Aa,0/0/0,0N
0,Aa Aa Aa,0/0/0,0N
0,Aa Aa Aa,0/0/0,0N
0,Aa Aa,0/0/0,0N
0,Aa Aa,0/0/0,0N
0,Aa Aa,0/0/0,0N
0,Aa Aa,0/0/0,0N
0,Aa Aa,0/0/0,0N
0,Aa Aa,0/0/0,0N
0,Aa,0/0/0,0N
0,Aa,0/0/0,0N
0,Aa,0/0/0,0N
0,Aa Aa Aa Aa Aa,0/0/0,0N
0,Aa Aa Aa Aa Aa,0/0/0,0N
0,Aa Aa Aa Aa Aa,0/0/0,0N
0,Aa Aa Aa Aa Aa,0/0/0,0N
0,Aa Aa Aa Aa,0/0/0,0N
0,Aa Aa Aa Aa,0/0/0,0N
0,Aa Aa Aa Aa,0/0/0,0