Aa	0N
a	0N
Aa	0N
Aa	0N
Aa	0N
Aa	0N
Aa	0N
Aa	0N
Aa	0N
Aa	0N
Aa	0N
Aa	0N
Aa	0N
Aa	0N
Aa	0N
Aa	0N
Aa	0N
Aa	0N
Aa	0N
Aa	0N
Aa	0N
Aa	0N
Aa	0N
Aa	0N
Aa	0N
Aa	0N
Aa	0N
Aa	0N
Aa	0N
Aa	0N
Aa	0N
Aa	0N
Aa	0N
Aa-Aa	0N
Aa	0N
Aa	0N
Aa	0N
Aa	0N
Aa	0N
Aa	0N
Aa	0N
Aa	0N
Aa	0N
Aa	0N
Aa	0N
Aa	0N
Aa	0N
Aa Aa	0N
Aa	0N
Aa	0N
Aa	0N
Aa	0N
Aa	0N
Aa	0N
Aa Aa	0N
Aa	0N
Aa	0N
Aa	0N
Aa	0N
Aa	0N
Aa	0N
Aa	0N
Aa	0N
Aa	0N
Aa	0N
Aa	0N
Aa	0N
Aa	0N
Aa	0N
Aa	0N
Aa	0N
Aa	0N
Aa	0N
Aa	0N
Aa	0N
Aa	0N
Aa	0N
Aa	0N
Aa	0N
Aa Aa Aa	0N
Aa	0N
Aa	0N
Aa	0N
Aa	0N
Aa	0N
Aa	0N
Aa Aa Aa	0N
Aa	0N
Aa	0N
Aa	0N
Aa	0N
Aa	0N
Aa	0N
Aa	0N
Aa Aa	0N
Aa	0N
Aa	0N
Aa	0N
Aa	0N
Aa Aa Aa	0N
Aa	0N
Aa	0N
Aa	0N
Aa	0N
Aa	0N
Aa Aa	0N
Aa	0N
Aa-Aa	0N
Aa	0N
Aa	0N
Aa	0N
Aa	0N
Aa	0N
Aa	0N
Aa	0N
Aa	0N
Aa	0N
Aa	0N
Aa Aa	0N
Aa	0N
Aa	0N
Aa	0N
Aa	0N
Aa	0N
Aa	0N
Aa	0N
